flee_status,count,share
not_fleeing,34,0.44155844155844154
foot,17,0.22077922077922077
car,16,0.2077922077922078
missing,9,0.11688311688311688
other,1,0.012987012987012988
