model,train_years,test_years,n_train_rows,n_test_rows,count_mae,count_rmse,rate_mae_per_1m,national_total_error,actual_holdout_total,predicted_holdout_total,mean_predicted_count,mean_actual_count
ensemble_top4_holdout_mae,2018-2022,2023-2024,255,102,4.03602,6.127696,0.970495,-110.574801,2339.0,2228.425199,21.847306,22.931373
roll3_baseline,2018-2022,2023-2024,255,102,4.117647,6.692922,0.919917,-179.333333,2339.0,2159.666667,21.173203,22.931373
lag1_baseline,2018-2022,2023-2024,255,102,4.215686,6.282562,1.220174,-78.0,2339.0,2261.0,22.166667,22.931373
random_forest_enhanced_lagged,2018-2022,2023-2024,255,102,4.683044,7.654449,1.158,-93.966336,2339.0,2245.033664,22.010134,22.931373
ridge_enhanced_lagged,2018-2022,2023-2024,255,102,4.715602,6.831324,1.373496,-90.999536,2339.0,2248.000464,22.03922,22.931373
poisson_enhanced_lagged,2018-2022,2023-2024,255,102,5.067758,7.691081,1.113482,-273.117813,2339.0,2065.882187,20.253747,22.931373
prev_national_rate_baseline,2018-2022,2023-2024,255,102,8.193163,11.932821,1.798812,-57.709635,2339.0,2281.290365,22.365592,22.931373
