best_model,comparison_model,n,best_mae,comparison_mae,mae_difference_best_minus_comparison,median_abs_error_difference,wilcoxon_statistic,wilcoxon_p_value,paired_t_statistic,paired_t_p_value,interpretation,wilcoxon_p_bh_fdr
ensemble_top4_holdout_mae,prev_national_rate_baseline,102,4.036019745098039,8.193163078431372,-4.157143333333334,-2.2508089999999994,1142.0,7.213303394406438e-07,-4.931095082981497,3.2185934756167557e-06,negative difference means ensemble has lower absolute error,4.327982036643863e-06
ensemble_top4_holdout_mae,poisson_enhanced_lagged,102,4.036019745098039,5.0677575882352945,-1.0317378431372548,-0.560073,1844.0,0.008998074188878043,-2.2503853582114686,0.02659272577898483,negative difference means ensemble has lower absolute error,0.013497111283317065
ensemble_top4_holdout_mae,ridge_enhanced_lagged,102,4.036019745098039,4.7156023627450985,-0.6795826176470591,-0.708334,1747.0,0.0033254834675363744,-2.876346855092547,0.004908232586681548,negative difference means ensemble has lower absolute error,0.009976450402609124
ensemble_top4_holdout_mae,random_forest_enhanced_lagged,102,4.036019745098039,4.68304381372549,-0.6470240686274511,-0.40096699999999985,1789.0,0.005178307333100687,-2.0526634111551245,0.0426909906231572,negative difference means ensemble has lower absolute error,0.010356614666201374
ensemble_top4_holdout_mae,lag1_baseline,102,4.036019745098039,4.215686274509804,-0.1796665294117647,-0.3180654999999999,2119.0,0.09024109738685404,-0.5978142241677348,0.5513019883584971,negative difference means ensemble has lower absolute error,0.10828931686422484
ensemble_top4_holdout_mae,roll3_baseline,102,4.036019745098039,4.1176470392156865,-0.08162729411764716,0.15655400000000008,2607.0,0.9480987227566137,-0.3798109109098728,0.7048832522034739,negative difference means ensemble has lower absolute error,0.9480987227566137
