variable,chi_square,dof,p_value
threat_type,14.015281174408093,8,0.08136798661314655
flee_status,6.860614891846228,4,0.14343999803438984
race_label,397.54861507311807,12,1.2503797265543298e-77
armed_with,26.257105554567882,30,0.6619458676271803
gender,13.91340307370356,3,0.0030254272842070657
age_group,8.918205161354482,7,0.25858207468154465
