comparison,group_count,group_person_years,group_rate_per_1m,comparator_count,comparator_person_years,comparator_rate_per_1m,rate_ratio,rate_ratio_ci_low,rate_ratio_ci_high,z,p_value
NM vs rest of U.S.,219,21057000.0,10.400341929049723,10211,3276865450.0,3.116087662372588,3.337628159385897,2.919473034205918,3.815675500272483,17.647977327281442,0.0
NM vs West excluding NM,219,21057000.0,10.400341929049723,3299,760028910.0,4.340624358618148,2.3960474507314213,2.089762675744233,2.747222664464504,12.5223984623617,0.0
NM vs South,219,21057000.0,10.400341929049723,4456,1263517260.0,3.5266633397631626,2.949060039779179,2.5749403235053343,3.3775365738895955,15.62517676228326,0.0
NM vs Midwest,219,21057000.0,10.400341929049723,1724,685909640.0,2.5134506055345716,4.137874007210789,3.5951179542780047,4.762570106823999,19.796952081326978,0.0
NM vs Northeast,219,21057000.0,10.400341929049723,732,567409640.0,1.2900732528971486,8.06182277300411,6.932200548175277,9.375520222137173,27.098100841233418,0.0
