region,n_states,median_rate,mean_rate
West,13,5.5574,5.716292307692308
South,17,3.9851,3.8682411764705877
Midwest,12,2.693,2.798391666666667
Northeast,9,1.1851,1.6473
